sentences	sensitiveAttr	individual_ID
<religion>roman_catholic_church,<place_of_death>passy,	<wheeling>	1
<cause_of_death>cancer,<gender>male,	<sandhurst>	2
<place_of_death>madison,<location>madison,	<washington_united_states>	3
<profession>mathematician,<location>kingdom_of_prussia,	<san_felipe>	4
<profession>engineer,civil_engineer,<gender>male,<place_of_death>chester,	<bourges>	5
<profession>novelist,writer,<nationality>united_states,	<dobbs_ferry>	6
<location>london,<gender>male,<institution>winchester_college,	<belgium>	7
<profession>physicist,<institution>massachusetts_institute_of_technology,<location>burlington_iowa,	<marion_ohio>	8
<profession>dramatist,librettist,<gender>male,	<govanhill>	9
<gender>male,<nationality>united_states,	<carcassonne>	10
<nationality>kingdom_of_england,<children>philippa_of_england,blanche_of_england,	<hattiesburg>	11
<place_of_death>oslo,<profession>chemist,<gender>male,	<granada_nicaragua>	12
<location>amsterdam,	<south_carolina>	13
<profession>politician,<spouse>sarah_knox_taylor,	<excelsior_springs>	14
<place_of_death>caracas,	<kassel>	15
<nationality>united_states,<place_of_death>new_york,	<kentwood_louisiana>	16
<profession>actor,<gender>female,<nationality>japan,	<denison>	17
<profession>sociologist,professor,writer,	<lynn>	18
<nationality>united_states,	<niagara_falls_new_york>	19
<profession>anatomist,	<chesterfield>	20
<cause_of_death>airplane_crash,	<granite_city>	21
<place_of_death>cape_girardeau,<profession>carpenter,singer,soldier,<ethnicity>african_american,	<talavera_de_la_reina>	22
<profession>painter,<nationality>china,	<chester>	23
<location>hollywood,<profession>art_director,<nationality>germany,<ethnicity>germans,	<freiberg>	24
<location>grand_forks,minnesota,	<talbot_county_maryland>	25
<nationality>japan,	<columbia>	26
<profession>cinematographer,	<wurttemberg>	27
<nationality>peru,<profession>writer,<religion>roman_catholic_church,	<osijek>	28
<location>louisiana,shreveport,<profession>singer,	<altotting>	29
<nationality>united_states,<profession>lawyer,	<ziebice>	30
<location>oaxaca,	<panama>	31
<cause_of_death>assassination,<nationality>india,<parents>feroze_gandhi,<location>sultanpur,	<mumbai>	32
<nationality>united_states,	<carpentras>	33
<nationality>united_kingdom,<place_of_death>antwerp,	<riverside>	34
<place_of_death>bremen,<nationality>germany,<gender>male,	<bremen>	35
<nationality>england,	<focsani>	36
<institution>harvard_university,<profession>judge,<nationality>united_states,	<paris>	37
<children>qianlong_emperor,<place_of_death>beijing,<ethnicity>manchu,	<aki_province>	38
<profession>author,<place_of_death>cambridge_massachusetts,	<cambridge_massachusetts>	39
<profession>judge,politician,<nationality>australia,	<rock_springs>	40
<profession>scientist,philosopher,economist,	<ruislip>	41
<nationality>france,	<harvey_illinois>	42
<nationality>italy,<location>fossano,	<hollywood>	43
<religion>unitarian_universalism,<nationality>united_states,<location>new_york_state,<profession>philosopher,nurse,<place_of_death>camden,	<chelsea>	44
<gender>male,<profession>geologist,<nationality>united_states,<institution>university_of_kansas,	<lewisham>	45
<gender>male,<profession>journalist,<place_of_death>neuilly-sur-seine,<location>paris,	<cliffside_park>	46
<profession>politician,	<clitheroe>	47
<nationality>germany,	<stockport>	48
<place_of_death>regensburg,<location>munich,	<munich>	49
<institution>eton_college,<gender>male,	<eugene_oregon>	50
<nationality>netherlands,<place_of_death>utrecht,<gender>male,	<utrecht>	51
<parents>eleanor_roosevelt,franklin_d_roosevelt,<place_of_death>new_york,<gender>female,	<rome>	52
<location>copenhagen,<place_of_death>antwerp,	<pichilemu>	53
<nationality>france,	<konstanz>	54
<profession>actor,<cause_of_death>cancer,	<ciudad_juarez>	55
<gender>male,<location>dubrovnik,	<the_hague>	56
<nationality>portugal,	<morristown>	57
<location>minnesota,<institution>university_of_north_dakota,	<eastbourne>	58
<nationality>united_states,<gender>male,	<mumbai>	59
<cause_of_death>murder,	<frederick_county_virginia>	60
<nationality>armenia,<cause_of_death>tuberculosis,<institution>moscow_state_university,	<merida>	61
<profession>lyricist,screenwriter,<nationality>united_states,<place_of_death>glenwood_springs,	<malvern_victoria>	62
<institution>california_institute_of_technology,<gender>male,	<butler_county_ohio>	63
<nationality>france,<place_of_death>arcueil,<profession>physician,	<carpentras>	64
<location>pomerania,	<manchester_connecticut>	65
<location>liverpool,<profession>politician,	<yuma>	66
<gender>male,<nationality>japan,<profession>daimyo,	<petropolis>	67
<nationality>united_states,<profession>confidence_trick,<place_of_death>new_york,	<chicago>	68
<institution>brown_university,<gender>male,	<baltimore>	69
<profession>physician,politician,	<roxbury>	70
<nationality>united_states,<place_of_death>killed_in_action,	<qazvin>	71
<profession>screenwriter,<nationality>united_states,	<daugavpils>	72
<gender>female,<profession>singer,	<springfield_missouri>	73
<nationality>united_kingdom,	<faenza>	74
<gender>male,	<sidi_bel_abbes>	75
<nationality>netherlands,<gender>male,	<jicin>	76
<cause_of_death>assassination,	<kabul>	77
<location>brooklyn,	<new_york>	78
<religion>judaism,<profession>scientist,<nationality>germany,	<lubeck>	79
<location>saint_petersburg,<gender>male,<profession>architect,	<aalborg>	80
<location>long_island,rancho_mirage,<profession>businessperson,	<milwaukee>	81
<profession>scientist,	<philadelphia>	82
<nationality>austria,<place_of_death>vienna,	<kingston_tennessee>	83
<gender>male,	<saint_charles>	84
<gender>male,<nationality>united_states,<place_of_death>new_york,	<andhra_pradesh>	85
<cause_of_death>assassination,<profession>writer,	<matsuyama>	86
<location>dublin,<profession>visual_artist,<place_of_death>madrid,<nationality>england,	<dublin>	87
<location>london,<nationality>united_states,	<falmouth>	88
<gender>male,	<wismar>	89
<gender>male,<place_of_death>washington_united_states,	<philadelphia>	90
<gender>male,<location>oslo,	<missoula>	91
<profession>philosopher,<location>wroclaw,	<marburg>	92
<place_of_death>moscow,<gender>male,	<brecon>	93
<gender>male,<place_of_death>tubingen,	<kabul>	94
<parents>george_boole,<gender>female,<spouse>wilfrid_michael_voynich,<profession>writer,musician,	<county_cork>	95
<spouse>joseph_e_davies,edward_francis_hutton,<location>palm_beach,springfield_illinois,<nationality>united_states,<profession>philanthropist,	<astrakhan>	96
<gender>male,	<berlin>	97
<ethnicity>germans,<location>hanover,<religion>judaism,	<ghent>	98
<gender>male,	<mulhouse>	99
<place_of_death>washington_united_states,<nationality>hungary,united_states,	<budapest>	100
<profession>writer,<ethnicity>jew,<nationality>lithuania,<place_of_death>florence,	<hot_springs>	101
<location>harrisburg,	<paderborn>	102
<religion>judaism,atheism,<location>saint_petersburg,<nationality>united_states,<institution>saint_petersburg_state_university,<profession>screenwriter,playwright,<cause_of_death>cardiovascular_disease,	<saint_petersburg>	103
<nationality>united_kingdom,	<harrogate>	104
<location>bratislava,<gender>male,	<bratislava>	105
<profession>organist,composer,<gender>male,	<kyoto_prefecture>	106
<nationality>united_states,<spouse>fred_perry,	<beaumont>	107
<profession>educator,<place_of_death>toronto,<location>winnipeg,<religion>catholicism,	<amersfoort>	108
<place_of_death>saint_mande,<gender>male,<nationality>france,	<south_dakota>	109
<nationality>united_states,<religion>islam,<ethnicity>african_american,	<massachusetts>	110
<nationality>canada,<place_of_death>westmount_canada,	<bad_homburg>	111
<location>atlanta,	<barboursville_virginia>	112
<gender>female,	<albemarle_county>	113
<place_of_death>lafayette_california,<nationality>united_states,<profession>physicist,	<harvey_illinois>	114
<gender>male,<institution>yale_university,<location>chicago,	<galesburg>	115
<location>london,<gender>male,	<essex_county_virginia>	116
<parents>princess_irene_of_hesse_and_by_rhine,	<agra>	117
<gender>male,<place_of_death>berlin,<nationality>germany,	<corvallis_oregon>	118
<nationality>germany,	<bourbon_county>	119
<nationality>united_states,	<saint_mande>	120
<cause_of_death>murder,	<new_brunswick_new_jersey>	121
<gender>male,<profession>organist,music_pedagogue,	<morrisania_bronx>	122
<nationality>united_kingdom,	<a_coruna>	123
<place_of_death>los_angeles,<institution>cornell_university,	<ibiza>	124
<location>casper,<nationality>united_states,	<chojnow>	125
<location>colorado,<nationality>united_states,	<witham>	126
<ethnicity>indigenous_australians,	<montauban>	127
<place_of_death>santa_monica_california,<profession>writer,novelist,<gender>male,	<salisbury_connecticut>	128
<gender>male,<location>rajasthan,<nationality>united_kingdom,	<fuzhou>	129
<location>the_bronx,<gender>male,	<quedlinburg>	130
<gender>male,<profession>film_director,<place_of_death>moscow,	<widnes>	131
<nationality>united_states,	<mariupol>	132
<nationality>united_kingdom,	<arnhem>	133
<profession>cartoonist,<place_of_death>rio_de_janeiro,<gender>male,	<port_talbot>	134
<nationality>italy,	<ontario>	135
<place_of_death>lisbon,<location>lisbon,	<joliet>	136
<cause_of_death>firearm,<gender>male,	<kidderminster>	137
<profession>politician,<location>lennox_and_addington_county_ontario,	<belluno>	138
<nationality>england,<place_of_death>london,<gender>male,	<salisbury>	139
<nationality>england,<gender>male,	<valladolid>	140
<cause_of_death>myocardial_infarction,<institution>banaras_hindu_university,<nationality>india,	<frederiksberg>	141
<children>archduke_joseph_of_austria_palatine_of_hungary,rudolf_cardinal_von_habsburg_lothringen,ferdinand_iii_grand_duke_of_tuscany,<religion>catholicism,	<saint_petersburg>	142
<gender>male,	<easton_maryland>	143
<place_of_death>parma,<profession>composer,	<county_monaghan>	144
<profession>politician,<ethnicity>bosnians,	<paderborn>	145
<profession>actor,	<sumner_county>	146
<gender>male,	<biarritz>	147
<nationality>united_states,	<kongsberg>	148
<institution>utrecht_university,<gender>male,	<vincennes_indiana>	149
<gender>male,	<teaneck>	150
<gender>male,<institution>yale_university,	<little_rock>	151
<religion>presbyterianism,	<londonderry_new_hampshire>	152
<gender>male,<location>edinburgh,	<mumbai>	153
<nationality>japan,<location>miyagi_prefecture,	<cieszyn>	154
<location>rhode_island,<place_of_death>newport_rhode_island,	<newport_rhode_island>	155
<cause_of_death>typhoid_fever,<profession>physician,	<buncombe_county>	156
<nationality>france,<location>ariege,	<debrecen>	157
<location>paris,<profession>playwright,	<wheaton>	158
<place_of_death>kent_county,<profession>manufacturer,	<kent_county>	159
<place_of_death>stirling,	<poitiers>	160
<profession>writer,	<lincoln_united_kingdom>	161
<location>turku,<profession>architect,	<wethersfield>	162
<location>antwerp,	<siegen>	163
<spouse>feodor_i_of_russia,	<mazyr>	164
<gender>male,	<wyoming>	165
<gender>male,	<columbia_missouri>	166
<place_of_death>towanda,	<towanda>	167
<gender>male,<nationality>united_kingdom,	<somerville_new_jersey>	168
<location>elkton,<gender>male,	<koblenz>	169
<parents>nefertari,	<adams>	170
<nationality>france,	<melrose>	171
<nationality>united_states,	<rogers>	172
<profession>writer,<place_of_death>bogota,	<waterbury>	173
<religion>catholicism,<location>sardinia,	<soignies>	174
<profession>engineer,<place_of_death>san_francisco,	<sumner_county>	175
<religion>baptist,<nationality>united_states,	<north_bay_ontario>	176
<cause_of_death>myocardial_infarction,<profession>actor,<gender>male,	<juterbog>	177
<gender>male,<profession>botanist,<place_of_death>dublin,	<chemnitz>	178
<institution>university_of_iasi,<nationality>romania,<ethnicity>jew,<location>iasi,<profession>film_director,<place_of_death>auschwitz_concentration_camp,	<zaragoza>	179
<institution>university_of_oxford,<gender>male,	<stoke-on-trent>	180
<nationality>united_states,	<worcester_massachusetts>	181
<place_of_death>boyle_county,<institution>transylvania_university,<gender>male,	<bar_harbor>	182
<place_of_death>howth,<location>howth,<gender>male,	<montenegro>	183
<nationality>united_kingdom,<institution>university_of_cambridge,	<volos>	184
<nationality>germany,	<schaarbeek>	185
<cause_of_death>pancreatic_cancer,<place_of_death>austin,	<haapsalu>	186
<nationality>united_states,<profession>economist,	<liberec>	187
<profession>novelist,journalist,<gender>male,<ethnicity>portuguese_people,<nationality>portugal,	<povoa_de_varzim>	188
<spouse>oneca_daughter_of_sancho_i_of_pamplona,<children>garcia_i_of_castile,	<mulheim_am_rhein>	189
<children>philippa_of_lancaster,elizabeth_plantagenet,<spouse>blanche_of_lancaster,<parents>edward_iii_of_england,	<ghent>	190
<religion>judaism,	<worms>	191
<gender>male,<profession>choreographer,<location>new_york,	<new_york>	192
<institution>trinity_college_cambridge,<location>vienna,<profession>scientist,astronomer,<place_of_death>ithaca_new_york,<nationality>austria,	<jaffna>	193
<institution>westminster_school,christ_church_oxford,	<tonsberg>	194
<nationality>united_kingdom,	<aberdeen>	195
<place_of_death>woodland_hills,	<lachine_quebec>	196
<profession>mathematician,<location>toronto,<place_of_death>los_angeles,	<toronto>	197
<profession>philosopher,	<san_salvador>	198
<location>essen,	<essen>	199
<location>pennsylvania,<nationality>united_states,	<salerno>	200
<religion>catholicism,<gender>female,<nationality>france,<profession>actor,<cause_of_death>drug_overdose,myocardial_infarction,<parents>magda_schneider,	<verdun>	201
<gender>male,	<tokyo>	202
<institution>barnard_college,<gender>female,	<new_jersey>	203
<profession>actor,<gender>male,<place_of_death>montclair,	<astoria_queens>	204
<cause_of_death>assassination,<nationality>japan,	<saga_japan>	205
<gender>male,	<hudson_ohio>	206
<location>liverpool,<cause_of_death>suicide,	<airdrie_united_kingdom>	207
<institution>westminster_school,<gender>male,<nationality>england,	<cooperstown>	208
<gender>female,	<saluzzo>	209
<gender>male,	<lynwood>	210
<profession>physician,<place_of_death>berlin,	<schwabach>	211
<gender>male,<place_of_death>la_grange_kentucky,	<kirkcaldy>	212
<nationality>japan,<profession>poet,literary_criticism,essayist,<place_of_death>tokyo,	<kyoto>	213
<gender>male,<place_of_death>worms,	<gorj_county>	214
<cause_of_death>tuberculosis,<gender>male,<institution>cumberland_university,	<schiedam>	215
<place_of_death>cremona,	<lauterbach_germany>	216
<cause_of_death>firearm,<location>manila,	<county_durham>	217
<profession>politician,<gender>male,	<isfahan>	218
<place_of_death>bournemouth,	<verbania>	219
<profession>science_writer,essayist,science_fiction_writer,actor,<nationality>united_states,<gender>male,<ethnicity>ashkenazi_jews,<cause_of_death>congestive_heart_failure,<place_of_death>new_york,	<mecklenburg>	220
<nationality>austria,	<verona>	221
<profession>journalist,<location>philadelphia,	<philadelphia>	222
<religion>episcopal_church_in_the_united_states_of_america,	<bradford_united_states>	223
<gender>male,<nationality>united_states,	<sansepolcro>	224
<profession>screenwriter,<location>madrid,	<barcelona>	225
<location>buenos_aires,<profession>engineer,<ethnicity>galician_people,	<durres>	226
<institution>cairo_university,university_of_cambridge,	<valentano>	227
<gender>female,<nationality>united_states,<religion>jew,<location>chicago,	<belgium>	228
<profession>drummer,<nationality>united_states,	<northborough>	229
<nationality>canada,<gender>male,	<montreal>	230
<nationality>germany,<gender>male,	<karlovy_vary>	231
<place_of_death>cologne,	<meriden>	232
<location>tennessee,<profession>businessperson,<ethnicity>english_people,<nationality>united_states,	<birmingham>	233
<profession>businessperson,	<santa_monica_california>	234
<nationality>germany,	<vyborg>	235
<place_of_death>warsaw,	<warsaw>	236
<gender>male,	<constantinople>	237
<place_of_death>wurzburg,<profession>chemist,<gender>male,	<ottawa>	238
<spouse>philip_v_of_spain,<children>louis_of_spain,<cause_of_death>tuberculosis,<parents>anne_marie_of_orleans,	<turin>	239
<nationality>england,	<london>	240
<parents>augusta_viktoria_of_schleswig-holstein,william_ii_german_emperor,<children>frederika_of_hanover,prince_george_william_of_hanover,	<potsdam>	241
<gender>male,<nationality>switzerland,<children>alphonse_louis_pierre_pyrame_de_candolle,	<windham>	242
<nationality>australia,<location>australia,	<ancona>	243
<institution>yale_university,	<new_haven>	244
<nationality>united_states,	<buxton>	245
<place_of_death>new_york,<gender>male,<profession>television_executive,entrepreneur,<nationality>united_states,	<villach>	246
<gender>female,<nationality>portugal,	<hokkaido>	247
<place_of_death>paris,	<marseille>	248
<religion>episcopal_church_in_the_united_states_of_america,<institution>whitman_college,university_of_oregon,	<st_augustine_florida>	249
<gender>male,<nationality>fiji,<cause_of_death>cancer,	<la_fayette>	250
<gender>male,	<weimar>	251
<nationality>russia,<profession>journalist,<gender>male,	<kuressaare>	252
<nationality>france,	<bridgeville>	253
<place_of_death>paris,	<la_ferte_sous_jouarre>	254
<gender>male,<nationality>united_states,	<brownsville_pennsylvania>	255
<gender>male,<nationality>germany,	<radom>	256
<profession>roman_emperor,<children>publius_septimius_geta,	<monterey_california>	257
<location>western_australia,<gender>male,	<perm>	258
<profession>geologist,<nationality>united_states,<place_of_death>honolulu,	<philadelphia>	259
<children>princess_elizabeth_of_england,mary_princess_royal_and_princess_of_orange,	<derby>	260
<profession>journalist,<nationality>denmark,	<dnipropetrovsk>	261
<place_of_death>new_orleans,	<la_ferte_sous_jouarre>	262
<location>germany,<place_of_death>muralto,<profession>scientist,	<dunn>	263
<place_of_death>vienna,<profession>scientist,<ethnicity>serbs,	<henry_virginia>	264
<gender>male,<institution>spring_hill_college,<location>philadelphia,<nationality>france,	<nottingham>	265
<profession>attorney_at_law,<institution>brigham_young_university,	<st_george>	266
<profession>politician,<gender>male,	<paris>	267
<place_of_death>cuernavaca,<location>buenos_aires_province,<nationality>argentina,	<etampes>	268
<gender>male,<spouse>clarissa_eden_countess_of_avon,	<lima_ohio>	269
<place_of_death>liege,<nationality>belgium,	<liege>	270
<religion>catholic,catholicism,<gender>male,	<stockholm_palace>	271
<location>chicago,new_york,<cause_of_death>respiratory_failure,<profession>writer,<gender>female,	<santa_fe>	272
<nationality>germany,<profession>politician,<gender>male,	<valencia>	273
<institution>university_college_oxford,eton_college,<nationality>england,	<norfolk_virginia>	274
<nationality>sweden,	<droitwich_spa>	275
<place_of_death>sao_paulo,<profession>politician,<gender>male,	<paris_new_york>	276
<place_of_death>rome,<profession>singer,	<pavia>	277
<nationality>united_states,	<canterbury>	278
<profession>lawyer,judge,	<budapest>	279
<institution>massachusetts_institute_of_technology,university_of_leipzig,	<morganton>	280
<nationality>united_kingdom,<profession>author,<place_of_death>bucharest,<parents>h_h_asquith,	<husum>	281
<place_of_death>fairfield,<gender>male,<profession>singer-songwriter,songwriter,<nationality>united_states,germany,<location>westport,	<hampton_london>	282
<location>williamsport,<nationality>united_states,	<jersey>	283
<place_of_death>cannes,<cause_of_death>multiple_sclerosis,<parents>mathilde_ludovika_duchess_in_bavaria,	<guatemala_city>	284
<gender>male,<place_of_death>jerusalem,<profession>mayor,	<st_albans_vermont>	285
<place_of_death>grodzisk_mazowiecki,	<mayaguez_puerto_rico>	286
<location>pittsburgh,<profession>architect,	<athens_georgia>	287
<cause_of_death>firearm,<profession>singer,	<chertsey>	288
<gender>male,	<chihuahua>	289
<profession>architect,<nationality>united_states,	<zacatecas_mexico>	290
<location>portland,<place_of_death>utah,<nationality>united_states,<profession>trade_union,<gender>male,	<gavle>	291
<profession>officer,<nationality>portugal,	<buckeburg>	292
<gender>male,<parents>kunigunda_of_slavonia,ottokar_ii_of_bohemia,	<bethlehem_pennsylvania>	293
<gender>male,<nationality>united_states,	<charles_city_county>	294
<place_of_death>jena,<profession>violinist,<gender>male,	<mannheim>	295
<nationality>united_states,	<joliet>	296
<nationality>united_kingdom,	<budapest>	297
<nationality>canada,<gender>male,	<evanston>	298
<profession>actor,<cause_of_death>lung_cancer,	<varese>	299
<gender>female,<profession>photographer,artist,<place_of_death>indio,	<balkh>	300
<nationality>france,	<durham>	301
<nationality>united_states,<location>warren_ohio,	<indian_territory>	302
<gender>male,<nationality>france,	<excelsior_springs>	303
<children>torcuato_de_alvear,<gender>male,<nationality>spain,	<sevres>	304
<location>kentucky,<place_of_death>zarephath,<religion>methodism,	<corinth>	305
<profession>diplomat,<nationality>france,	<wadenswil>	306
<location>alabama,	<columbus_ohio>	307
<nationality>united_kingdom,	<durham>	308
<nationality>united_states,	<cagliari>	309
<gender>male,	<chesterfield_county>	310
<nationality>united_states,<profession>architect,	<nara_prefecture>	311
<nationality>united_kingdom,<religion>roman_catholic_church,	<lucerne>	312
<location>saxony,meissen,<children>john_ernest_duke_of_saxe_coburg,john_frederick_elector_of_saxony,<parents>ernest_elector_of_saxony,<nationality>germany,	<larne>	313
<nationality>united_states,	<freiburg>	314
<location>picardie,<cause_of_death>horse_riding_accident,	<busan>	315
<profession>singer,songwriter,<gender>male,	<malmo>	316
<profession>lawyer,<institution>george_washington_university,<religion>anglicanism,	<courbevoie>	317
<gender>male,<profession>american_football_player,	<saint_kitts>	318
<profession>physicist,<gender>male,	<tbilisi>	319
<place_of_death>algiers,<profession>composer,conducting,	<surrey>	320
<gender>female,<place_of_death>moscow,<location>moscow,	<moscow>	321
<spouse>joseph_i_of_portugal,<children>benedita_dowager_princess_of_brazil,<parents>philip_v_of_spain,<location>madrid,	<madrid>	322
<nationality>united_states,<place_of_death>new_york,<profession>poet,	<oryol>	323
<nationality>united_states,<location>pennsylvania,	<delaware>	324
<parents>constance_of_hungary,<gender>female,	<harrodsburg>	325
<cause_of_death>cancer,<nationality>united_states,<place_of_death>los_angeles,<gender>female,	<lille>	326
<place_of_death>dover_delaware,<institution>university_of_pennsylvania,university_of_delaware,<religion>united_methodist_church,	<newark>	327
<profession>politician,<gender>male,	<woodbridge_united_kingdom>	328
<ethnicity>african_american,<institution>university_of_london,<place_of_death>florence,	<baltimore>	329
<nationality>japan,<place_of_death>tokyo,	<kagoshima>	330
<nationality>austria,	<sopron>	331
<gender>male,	<bulgaria>	332
<location>brooklyn,<gender>male,	<brooklyn>	333
<gender>male,<profession>politician,	<county_mayo>	334
<children>farouk_of_egypt,<place_of_death>los_angeles,<gender>female,	<westbrook>	335
<religion>catholicism,	<rome>	336
<profession>composer,	<melbourne>	337
<spouse>cleopatra_selene,<children>ptolemy_of_mauretania,	<dundee>	338
<nationality>spain,	<mississippi>	339
<cause_of_death>airplane_crash,<location>north_bend,<gender>female,	<lincoln_united_kingdom>	340
<place_of_death>nassau_germany,	<tambov>	341
<place_of_death>basra,	<cooperstown>	342
<location>rome,<gender>male,	<bergamo>	343
<gender>female,<institution>university_of_chicago,<location>st_louis_missouri,	<hardwick>	344
<nationality>united_kingdom,<gender>female,	<kansas_city_kansas>	345
<nationality>england,	<sunderland>	346
<nationality>united_states,<profession>writer,	<leith>	347
<gender>female,	<dodge_city>	348
<ethnicity>african_american,<profession>bandleader,	<jaffna>	349
<location>london,<nationality>united_kingdom,<gender>male,	<illinois>	350
<children>philip_iii_of_france,agnes_of_france_duchess_of_burgundy,<religion>catholicism,<gender>male,<parents>louis_viii_of_france,	<warrenton_north_carolina>	351
<place_of_death>washington_united_states,<institution>transylvania_university,	<richmond_kentucky>	352
<profession>poet,<nationality>serbia,<institution>university_of_bucharest,	<nivelles>	353
<gender>male,<parents>samuel_romilly,	<london>	354
<place_of_death>stuttgart,	<warrenton>	355
<gender>male,<place_of_death>new_york,	<schwandorf>	356
<nationality>india,<profession>poet,	<tamil_nadu>	357
<profession>lawyer,	<carpentras>	358
<children>christina_of_sweden,gustav_count_of_vasaborg,<parents>christina_of_holstein-gottorp,	<danville>	359
<gender>male,	<wednesbury>	360
<profession>artist,<gender>male,	<corpus_christi>	361
<location>mashhad,<profession>writer,	<mashhad>	362
<gender>male,<location>lewes_delaware,	<gouda>	363
<profession>engineer,<location>county_kerry,<gender>male,	<zacatecas_mexico>	364
<nationality>austria,	<vienna>	365
<nationality>italy,	<fort_payne>	366
<profession>racecar_driver,	<bryn_mawr>	367
<nationality>republic_of_venice,	<arequipa>	368
<gender>male,<profession>businessperson,	<charles_city_county>	369
<profession>film_director,<cause_of_death>stroke,<location>michigan,	<vilnius>	370
<place_of_death>st_thomas_hospital,<gender>male,<institution>mill_hill_school,	<guanajuato>	371
<institution>union_college,	<bethel_connecticut>	372
<profession>engineer,<nationality>germany,<gender>male,	<faringdon>	373
<gender>male,<location>stretford,	<herford>	374
<nationality>germany,<place_of_death>paderborn,	<strathroy_caradoc_ontario>	375
<parents>moctezuma_ii,<gender>female,	<tenochtitlan>	376
<religion>paganism,<nationality>united_kingdom,<profession>journalist,	<essex>	377
<nationality>united_states,<gender>male,	<friedberg>	378
<religion>shia_islam,<place_of_death>tehran,	<orlando>	379
<location>dalton-in-furness,	<florence_alabama>	380
<place_of_death>tokyo,<nationality>japan,<religion>christian,christianity,<location>kagawa_prefecture,	<kongsberg>	381
<gender>male,	<dover>	382
<profession>screenwriter,<place_of_death>garches,	<moray>	383
<profession>philosopher,<gender>male,	<zurich>	384
<nationality>united_states,<gender>female,	<cayenne>	385
<place_of_death>brescia,<gender>male,	<huddersfield>	386
<place_of_death>bridgeville,	<bridgeville>	387
<gender>male,<place_of_death>washington_united_states,	<greenwood_mississippi>	388
<profession>writer,<gender>male,	<kashan>	389
<place_of_death>berlin,<nationality>germany,<gender>male,	<muret>	390
<place_of_death>salzburg,	<ireland>	391
<gender>male,	<paris>	392
<nationality>united_states,<cause_of_death>aviation_accidents_and_incidents,<place_of_death>long_beach,	<pittsburgh>	393
<gender>male,<place_of_death>vienna,	<vienna>	394
<religion>atheism,<profession>politician,	<palencia>	395
<nationality>canada,	<teaneck>	396
<profession>journalist,	<gyumri>	397
<place_of_death>charing_cross_hospital,<institution>new_college_oxford,winchester_college,	<cavtat>	398
<profession>songwriter,<place_of_death>philadelphia,	<albany>	399
<profession>banker,politician,	<brookfield_massachusetts>	400
<profession>singer,<gender>male,	<regina_canada>	401
<place_of_death>new_york,<location>st_johns,	<st_johns>	402
<place_of_death>washington_united_states,	<vancouver>	403
<place_of_death>moscow,	<pegau>	404
<nationality>france,<place_of_death>neuilly-sur-seine,<cause_of_death>myocardial_infarction,<gender>male,	<hamilton_united_kingdom>	405
<gender>male,<location>new_york,<institution>princeton_university,	<ludhiana>	406
<place_of_death>stockholm,<religion>roman_catholic_church,<institution>university_of_poitiers,<profession>philosopher,<ethnicity>french_people,	<simsbury>	407
<gender>male,<nationality>spain,<place_of_death>burgos,	<county_down>	408
<gender>male,	<fredericksburg>	409
<gender>male,	<bregenz>	410
<children>louis_armand_i_prince_of_conti,<gender>female,	<binondo_manila>	411
<gender>male,<nationality>canada,	<osnabruck>	412
<nationality>south_africa,<gender>male,	<rochdale>	413
<profession>actor,<ethnicity>cheyenne,	<canada>	414
<cause_of_death>murder,	<ploiesti>	415
<place_of_death>vienna,<gender>male,	<vienna>	416
<nationality>germany,<ethnicity>germans,	<cremona>	417
<place_of_death>litomysl,<gender>female,<profession>writer,	<lewes_delaware>	418
<gender>male,	<seville>	419
<gender>male,	<ostend>	420
<gender>female,<profession>actor,<nationality>portugal,	<lisbon>	421
<nationality>austria,<gender>male,<place_of_death>vienna,	<prince_albert>	422
<nationality>portugal,<place_of_death>cape_of_good_hope,<gender>male,	<lisbon>	423
<profession>architect,<gender>male,	<san_pedro>	424
<profession>golfer,	<mymensingh_district>	425
<place_of_death>paris,	<osaka>	426
<religion>christian,<nationality>england,<place_of_death>london,	<lawrenceburg>	427
<children>grand_duke_nicholas_alexandrovich_of_russia,grand_duke_vladimir_alexandrovich_of_russia,grand_duke_sergei_alexandrovich_of_russia,<place_of_death>saint_petersburg,	<maryland>	428
<nationality>portugal,	<kent>	429
<nationality>united_kingdom,	<wiltshire>	430
<nationality>united_states,<institution>george_washington_university,	<philadelphia>	431
<gender>male,<nationality>netherlands,	<northumberland>	432
<gender>male,<institution>royal_military_academy,	<irkutsk_oblast>	433
<location>maracaibo,	<douglas_isle_of_man>	434
<location>vermont,	<plovdiv>	435
<gender>male,<children>cairine_wilson,	<highland_park_illinois>	436
<nationality>united_states,	<prince_edward_county>	437
<gender>male,	<nemours>	438
<nationality>canada,	<wallaceburg_ontario>	439
<location>north_holland,<gender>male,	<qazvin>	440
<place_of_death>saratoga_new_york,<religion>baptist,	<cornwall_on_hudson>	441
<location>lake_charles,<profession>politician,lawyer,	<windber>	442
<gender>male,	<frankfurt>	443
<gender>male,<institution>yale_university,	<pine_bluff>	444
<nationality>france,<profession>screenwriter,<spouse>margaret_sullavan,	<rawlins>	445
<location>asbury_park,<place_of_death>woodland_hills,<profession>actor,	<south_berwick>	446
<gender>male,<profession>journalist,	<birkenhead>	447
<gender>male,	<nysa>	448
<gender>male,<nationality>germany,	<wytheville>	449
<institution>harvard_university,	<boston_massachusetts>	450
<institution>trinity_college_cambridge,<nationality>united_kingdom,	<bristol>	451
<nationality>israel,	<llanelli>	452
<cause_of_death>firearm,<ethnicity>jew,	<cilicia>	453
<gender>male,<parents>aleksander_ludwik_radziwill,	<encinitas>	454
<spouse>caroline_townshend_1st_baroness_greenwich,<institution>university_of_oxford,	<jalisco>	455
<gender>male,<ethnicity>african_american,	<little_compton>	456
<place_of_death>budapest,	<austria>	457
<location>joliet,washington_united_states,<cause_of_death>cancer,<place_of_death>washington_united_states,<religion>roman_catholic_church,<profession>journalist,	<kyneton>	458
<profession>architect,<gender>male,	<colchester>	459
<gender>male,<profession>comedian,<nationality>united_states,	<fort_smith>	460
<nationality>germany,<religion>judaism,<gender>male,	<melrose_united_kingdom>	461
<profession>lawyer,	<woodstock_connecticut>	462
<gender>male,	<vincennes_indiana>	463
<gender>male,	<stratford-upon-avon>	464
<gender>male,<place_of_death>vilnius,	<bielsko_biala>	465
<place_of_death>ghent,<gender>male,	<sarajevo>	466
<nationality>united_states,<gender>male,	<vienna>	467
<place_of_death>winnipeg,<institution>university_of_toronto,<gender>male,	<bayeux>	468
<nationality>germany,	<stuttgart>	469
<place_of_death>orlando,	<oak_park>	470
<place_of_death>melbourne_australia,	<dublin>	471
<nationality>germany,	<burg_sommeregg>	472
<location>pennsylvania,	<palace_of_westminster>	473
<nationality>austria,<location>vienna,	<pittem>	474
<profession>astronaut,<cause_of_death>myocardial_infarction,	<pittsburgh>	475
<place_of_death>ypres,<gender>male,<nationality>united_kingdom,	<douai>	476
<gender>male,<location>reading,<place_of_death>london,	<reading>	477
<location>portland,	<woodville_mississippi>	478
<nationality>germany,	<essen>	479
<spouse>lya_mara,<gender>male,	<lubeck>	480
<nationality>united_states,<profession>politician,<place_of_death>palm_desert,	<harrisburg>	481
<gender>male,<place_of_death>rome,	<laurel_delaware>	482
<cause_of_death>cancer,	<maidenhead>	483
<place_of_death>los_angeles,<nationality>united_states,	<carbondale>	484
<institution>university_of_oxford,<gender>male,	<saga_prefecture>	485
<profession>social_activist,advocate,<place_of_death>new_delhi,<gender>male,<nationality>india,	<charles_county>	486
<place_of_death>oslo,	<bonham>	487
<profession>writer,<gender>male,	<orange_free_state>	488
<gender>male,	<nahant>	489
<place_of_death>vienna,	<quimper>	490
<profession>writer,	<samoa>	491
<location>montreal,<nationality>canada,	<rhinebeck>	492
<profession>geologist,<place_of_death>zurich,	<kuressaare>	493
<profession>journalist,<nationality>united_states,russia,	<joplin>	494
<ethnicity>germans,	<berlin>	495
<location>queens,<spouse>burgess_meredith,<gender>female,<profession>model,<cause_of_death>emphysema,	<lymington>	496
<location>glasgow,	<county_kildare>	497
<nationality>austria,<place_of_death>vienna,	<hanover>	498
<nationality>united_states,<religion>christian,<institution>dartmouth_college,<location>boston_massachusetts,	<naumburg>	499
<place_of_death>brussels,<nationality>italy,<location>lucca,	<lucca>	500
<place_of_death>santa_monica_california,<gender>male,	<graaff_reinet>	501
<gender>male,<nationality>united_states,	<rawlins>	502
<spouse>sydney_tafler,<nationality>england,	<london>	503
<gender>female,<location>montreal,	<krems>	504
<nationality>united_states,	<worthing>	505
<gender>male,<place_of_death>kinderhook,<spouse>hannah_van_buren,<nationality>united_states,	<dnipropetrovsk>	506
<gender>male,	<louisville_georgia>	507
<ethnicity>hungarian_people,<profession>journalist,	<arlesheim>	508
<location>north_carolina,	<north_carolina>	509
<gender>male,<profession>politician,revolutionary,	<neuruppin>	510
<nationality>germany,<profession>scientist,<institution>friedrich_schiller_university_of_jena,	<leipzig>	511
<profession>politician,<location>xinjiang,<nationality>china,<place_of_death>taipei,	<cieszyn>	512
<gender>male,	<new_york>	513
<place_of_death>braunschweig,	<braunschweig>	514
<place_of_death>brisbane,<profession>novelist,	<edgbaston>	515
<nationality>united_states,	<kaifeng>	516
<place_of_death>bologna,<children>karol_stanislaw_radziwill,	<cornwall_canada>	517
<institution>university_of_paris,	<northumberland>	518
<location>alkmaar,<place_of_death>bremen,<nationality>netherlands,<cause_of_death>lung_cancer,	<wallachia>	519
<gender>male,<place_of_death>moscow,<profession>architect,	<moscow>	520
<nationality>germany,<spouse>frederick_i_of_denmark,	<cork>	521
<cause_of_death>capital_punishment,<profession>serial_killer,	<emden>	522
<gender>male,<profession>architect,<location>vermont,	<logan_county_ohio>	523
<cause_of_death>suicide,<nationality>france,	<blackrock>	524
<profession>architect,<nationality>england,<gender>male,	<new_york_united_kingdom>	525
<religion>congregational_church,<spouse>theodore_frelinghuysen_seward,<place_of_death>buffalo,	<montrose_united_kingdom>	526
<gender>male,	<exeter_new_hampshire>	527
<gender>male,<institution>harvard_university,<location>new_hampshire,<place_of_death>hanover_new_hampshire,	<edgbaston>	528
<location>liverpool,	<clonmel>	529
<children>yolanda_of_aragon,elizabeth_of_aragon,<parents>manfred_of_sicily,<nationality>italy,	<sicily>	530
<nationality>england,<cause_of_death>myocardial_infarction,	<torquay>	531
<location>rome,<place_of_death>florence,	<zurich>	532
<gender>male,<nationality>united_kingdom,	<nottingham>	533
<nationality>italy,<profession>politician,	<barnsley>	534
<location>buenos_aires,	<balingen>	535
<nationality>united_states,	<new_york>	536
<nationality>austria,<ethnicity>poles,	<key_west>	537
<gender>male,<place_of_death>tuscaloosa,<nationality>united_states,	<vila_vicosa>	538
<nationality>france,	<witten>	539
<place_of_death>houston,	<gdansk>	540
<profession>actor,<gender>male,	<gujranwala>	541
<place_of_death>cuba,	<moscow>	542
<gender>male,<nationality>united_states,	<paris_kentucky>	543
<gender>male,	<pittsylvania_county>	544
<place_of_death>freiburg,<nationality>germany,	<clear_lake_iowa>	545
<gender>female,<profession>writer,journalist,<nationality>united_states,<cause_of_death>stomach_cancer,<location>amherst,	<amherst>	546
<nationality>united_states,<profession>lawyer,<location>baltimore,	<keswick>	547
<religion>romanian_orthodox_church,	<vaslui>	548
<profession>writer,<gender>male,<place_of_death>santiago_chile,<nationality>chile,	<buenos_aires>	549
<gender>male,	<grenada_mississippi>	550
<institution>riverdale_country_school,choate_rosemary_hall,harvard_university,harvard_college,<spouse>jacqueline_kennedy_onassis,<gender>male,	<brookline>	551
<gender>female,<nationality>united_kingdom,	<chattanooga>	552
<gender>male,<location>vermont,	<manila>	553
<place_of_death>santa_monica_california,<cause_of_death>cancer,	<saginaw>	554
<place_of_death>jackson,<nationality>united_states,	<tallahassee>	555
<location>kalamazoo_michigan,<institution>johns_hopkins_university,harvard_university,<profession>physician,<gender>male,	<kalamazoo_michigan>	556
<religion>roman_catholic_church,	<haarlem>	557
<cause_of_death>myocardial_infarction,hepatitis,<spouse>sylvia_fine,<ethnicity>jew,	<temuco>	558
<place_of_death>mount_holly,<profession>musician,<cause_of_death>myocardial_infarction,	<detroit_michigan>	559
<location>illinois,springfield_illinois,	<nancy>	560
<nationality>germany,<gender>male,<profession>physicist,scientist,	<wurzburg>	561
<gender>male,<nationality>united_states,	<lloydminster>	562
<religion>roman_catholic_church,<gender>male,	<colombo>	563
<profession>baseball_player,<gender>male,	<venosa>	564
<gender>male,	<stonington>	565
<profession>writer,scientist,<location>rahway,<institution>columbia_university,<religion>agnosticism,	<brooklyn>	566
<place_of_death>rome,	<soignies>	567
<place_of_death>toulouse,<nationality>netherlands,	<zwolle>	568
<institution>garrett-evangelical_theological_seminary,	<wandsworth>	569
<nationality>united_states,	<st_louis_missouri>	570
<place_of_death>los_angeles,<nationality>united_states,	<maastricht>	571
<nationality>england,	<melbourne_australia>	572
<institution>kings_college_london,	<london_borough_of_bromley>	573
<place_of_death>laken,<location>basse-normandie,<gender>male,	<palos_de_la_frontera>	574
<location>nagano_prefecture,<nationality>japan,	<philippines>	575
<nationality>united_states,<institution>bowdoin_college,	<encinitas>	576
<place_of_death>port_fairy,<gender>male,	<rhode_island>	577
<gender>male,	<paris>	578
<nationality>germany,<gender>male,	<potsdam>	579
<children>duke_george_augustus_of_mecklenburg,charles_ii_grand_duke_of_mecklenburg_strelitz,<place_of_death>mirow,<spouse>princess_elizabeth_albertine_of_saxe-hildburghausen,	<neustrelitz>	580
<place_of_death>vienna,<parents>paul_i_of_russia,maria_fyodorovna_of_russia,	<trostberg>	581
<nationality>united_states,<profession>lawyer,	<kongsberg>	582
<place_of_death>venice,<nationality>italy,	<venice>	583
<gender>male,<nationality>france,	<cochabamba>	584
<place_of_death>memphis_tennessee,<nationality>united_states,<location>memphis_tennessee,	<carthage>	585
<ethnicity>indigenous_peoples_of_the_americas,<nationality>united_states,<profession>artist,<gender>female,	<santander>	586
<profession>physicist,	<passau>	587
<location>maryland,	<newark_ohio>	588
<location>florence,	<knole_house>	589
<nationality>united_states,<location>new_york,<place_of_death>new_york,	<philadelphia>	590
<gender>female,	<italy>	591
<place_of_death>barcelona,<religion>catholicism,<cause_of_death>car_accident,<profession>architect,<gender>male,	<figeac>	592
<profession>chemist,	<louisiana>	593
<gender>male,<institution>city_college_of_new_york,	<florida>	594
<ethnicity>bulgarians,<profession>writer,	<penang>	595
<parents>prince_berthold_margrave_of_baden,princess_theodora_of_greece_and_demark,	<oxfordshire>	596
<place_of_death>belgrade,	<columbia_county_georgia>	597
<nationality>united_states,<cause_of_death>meningitis,	<stockton-on-tees>	598
<place_of_death>paris,<gender>female,	<paris>	599
<gender>male,<parents>andrew_w_clark,	<alappuzha>	600
<nationality>spain,	<zamora_spain>	601
<place_of_death>rome,<nationality>italy,<gender>male,	<arezzo>	602
<place_of_death>hopkinsville,<gender>male,	<fitchburg>	603
<nationality>canada,	<ottawa>	604
<profession>mayor,	<talbot_county_maryland>	605
<nationality>united_states,	<zwickau>	606
<profession>politician,<place_of_death>greensburg,	<westmoreland_county>	607
<place_of_death>stockholm,	<perthshire>	608
<nationality>germany,	<gotha>	609
<location>united_states,<cause_of_death>parkinsons_disease,	<blankenburg_am_harz>	610
<location>colorado,	<nara_prefecture>	611
<gender>male,	<rogers>	612
<gender>male,<place_of_death>beziers,	<manly_new_south_wales>	613
<profession>hotel_manager,<nationality>united_states,	<morrisania_bronx>	614
<place_of_death>le_cannet,<religion>judaism,	<county_limerick>	615
<place_of_death>heidelberg,<profession>chemist,	<norwalk>	616
<profession>prime_minister_of_israel,<location>jerusalem,<gender>male,	<fussen>	617
<profession>aerospace_engineer,engineer,	<londonderry_new_hampshire>	618
<gender>male,<institution>eton_college,	<ljubljana>	619
<parents>caspar_bartholin_the_elder,<nationality>denmark,	<roskilde>	620
<location>emilia-romagna,	<carpi>	621
<institution>university_of_memphis,<profession>actor,	<bladensburg>	622
<place_of_death>england,	<putney>	623
<place_of_death>sri_lanka,	<haryana>	624
<nationality>united_states,<location>ohio,	<ohio>	625
<location>savannah,<profession>politician,<gender>male,	<russelsheim>	626
<profession>politician,<spouse>lala_mara,<place_of_death>suva,<institution>university_of_otago,	<lennoxville_quebec>	627
<place_of_death>milwaukee,	<hattingen>	628
<location>washington_united_states,	<jakarta>	629
<profession>cartoonist,	<marblehead>	630
<religion>presbyterian_church_in_the_united_states_of_america,<place_of_death>wilmington,<gender>male,<location>wilmington,	<huddersfield>	631
<place_of_death>london,<gender>female,	<bergen>	632
<profession>diplomat,lawyer,<place_of_death>washington_united_states,<institution>yale_university,	<frankfurt_germany>	633
<location>hull,<place_of_death>north_yorkshire,<nationality>england,	<kingston_upon_hull>	634
<gender>male,<nationality>united_kingdom,	<west_malling>	635
<location>new_york,<gender>male,<profession>sailor,<place_of_death>washington_united_states,	<lawrence_massachusetts>	636
<parents>johann_frederick_ii_duke_of_saxony,	<hampton_london>	637
<religion>catholicism,	<duxbury>	638
<religion>roman_catholic_church,	<mecklenburg-schwerin>	639
<gender>male,<profession>musician,composer,<location>cuernavaca,<place_of_death>cuernavaca,	<lafayette_indiana>	640
<cause_of_death>cerebral_hemorrhage,<location>florida,new_jersey,	<monza>	641
<gender>male,<place_of_death>rome,	<rome>	642
<profession>chemist,<institution>saint_petersburg_state_university,<gender>male,<nationality>united_states,	<odessa>	643
<gender>male,<cause_of_death>cancer,<place_of_death>new_york_state,	<parma>	644
<place_of_death>rome,<nationality>united_states,<institution>new_york_university,	<leadville>	645
<cause_of_death>skiing,	<livorno>	646
<gender>male,<nationality>romania,france,<profession>writer,	<wismar>	647
<gender>female,<nationality>germany,	<bethsaida>	648
<profession>clergy,<place_of_death>paris,<nationality>france,<gender>male,	<paris>	649
<gender>male,<nationality>lebanon,<place_of_death>lebanon,	<lebanon>	650
<location>worcester_massachusetts,<gender>male,	<drogheda>	651
<place_of_death>rome,<religion>roman_catholic_church,	<rabat_malta>	652
<religion>church_of_jesus_christ_of_latter-day_saints,<nationality>united_states,<profession>politician,	<saint_denis_reunion_island>	653
<place_of_death>richmond_virginia,<nationality>united_states,<profession>lawyer,politician,<location>virginia,	<provo_utah>	654
<children>princess_louise_of_prussia,<spouse>william_i_german_emperor,	<sparta>	655
<gender>male,	<suffield>	656
<ethnicity>anglo-saxons,<parents>gytha_thorkelsdottir,	<herefordshire>	657
<gender>male,<place_of_death>rockville,	<berchtesgaden>	658
<gender>male,<profession>actor,<children>fritz_leiber,<nationality>united_states,	<chicago>	659
<gender>male,	<marseille>	660
<profession>laborer,	<kenton>	661
<gender>male,<children>michael_redgrave,	<panama>	662
<location>martinsburg,	<fondi>	663
<gender>female,<profession>writer,<place_of_death>washington_united_states,	<westmoreland_county>	664
<institution>university_of_paris,<nationality>belgium,<location>bruges,	<grosvenor_square>	665
<profession>author,<institution>st_johns_college_oxford,<gender>male,	<quito>	666
<gender>male,<location>beverly_hills,	<tonbridge>	667
<place_of_death>fayetteville,<profession>politician,	<fayetteville>	668
<place_of_death>paris,	<malden>	669
<profession>businessperson,	<bangor>	670
<parents>matilda_of_boulogne,	<austin>	671
<location>newfoundland_and_labrador,<profession>physician,	<meridian_mississippi>	672
<nationality>italy,<children>fernando_colon,	<murcia>	673
<nationality>china,<gender>male,<profession>artist,	<mendon>	674
<gender>male,	<veliko_tarnovo>	675
<gender>male,<parents>infanta_isabel_of_portugal,	<camaguey>	676
<gender>male,<location>rome,	<rome>	677
<nationality>united_kingdom,	<cesky_krumlov>	678
<nationality>united_states,<profession>playwright,novelist,<gender>male,<location>wisconsin,	<madison>	679
<nationality>german_democratic_republic,<profession>writer,	<franklin>	680
<place_of_death>berlin,	<berlin>	681
<gender>female,	<montana>	682
<location>germany,<profession>surgeon,<nationality>germany,	<kochi>	683
<nationality>united_states,<profession>actor,	<freiberg>	684
<place_of_death>london,	<edinburgh>	685
<cause_of_death>cardiovascular_disease,cancer,<institution>columbia_university,<religion>roman_catholic_church,	<alencon>	686
<institution>united_states_naval_academy,baltimore_city_college,<location>baltimore,	<baltimore>	687
<gender>male,<profession>politician,	<nanyang>	688
<profession>mathematician,<institution>clare_college_cambridge,	<bishops_stortford>	689
<children>senusret_ii,<gender>male,	<chertsey>	690
<location>newport_beach,<nationality>united_states,<ethnicity>jew,	<orange_county_virginia>	691
<place_of_death>moscow,<nationality>russia,	<moscow>	692
<institution>ludwig_maximilians_university_of_munich,<place_of_death>stockholm,<profession>biologist,	<maracaibo>	693
<place_of_death>new_bedford,	<londonderry_new_hampshire>	694
<children>henry_v_of_england,blanche_of_england,<place_of_death>westminster,<spouse>joanna_of_navarre,<nationality>kingdom_of_england,	<mulhouse>	695
<place_of_death>atlantic_ocean,<parents>john_f_kennedy,<institution>new_york_university,phillips_academy,brown_university,<profession>lawyer,socialite,<gender>male,<nationality>france,	<valdivia>	696
<place_of_death>curitiba,	<london_canada>	697
<nationality>france,<religion>judaism,catholicism,	<colmar>	698
<gender>male,<parents>grand_duke_vladimir_alexandrovich_of_russia,	<soltau>	699
<nationality>germany,<ethnicity>germans,	<lubeck>	700
<nationality>united_states,<institution>university_of_bonn,	<frederick_county_virginia>	701
<institution>moscow_state_university,<nationality>russia,<profession>mathematician,<gender>male,	<culpeper_county>	702
<place_of_death>slagelse,<nationality>denmark,	<easton>	703
<nationality>germany,	<neuruppin>	704
<nationality>scotland,	<bishopton>	705
<profession>baseball_player,<location>fresno_california,<nationality>united_states,<gender>male,	<fussen>	706
<cause_of_death>cancer,	<nottingham>	707
<profession>chemist,<place_of_death>london,	<hokkaido>	708
<gender>male,<profession>politician,<place_of_death>madrid,	<madrid>	709
<profession>inventor,<spouse>harry_hay,	<chennai>	710
<gender>female,	<chicago>	711
<nationality>united_states,<gender>male,<ethnicity>blackfoot,	<peterhof>	712
<place_of_death>bergen,<location>norway,	<ahsan_manzil>	713
<institution>american_academy_of_dramatic_arts,<spouse>rainier_iii_prince_of_monaco,<profession>actor,	<philadelphia>	714
<place_of_death>chicago,<location>new_york_county,<profession>writer,	<saint_raphael_var>	715
<place_of_death>berlin,<nationality>germany,	<jelenia_gora>	716
<ethnicity>scottish_canadian,	<samoa>	717
<profession>geologist,<gender>male,	<edenton>	718
<gender>male,	<liepaja>	719
<gender>male,<nationality>india,	<heerlen>	720
<religion>catholicism,agnosticism,	<gujranwala>	721
<nationality>united_states,<profession>inventor,	<derbyshire>	722
<profession>peace_activist,writer,<institution>morehouse_college,<ethnicity>african_american,<cause_of_death>assassination,	<atlanta>	723
<nationality>united_states,	<concord_north_carolina>	724
<location>dartmouth_united_kingdom,<parents>a_a_milne,	<chelsea_london>	725
<location>quincy_illinois,<profession>actor,	<la_porte>	726
<profession>engineer,	<paisley>	727
<profession>artist,	<yamagata_prefecture>	728
<spouse>louie_bellson,<place_of_death>west_chester,	<karlstad>	729
<spouse>adolphe_grand_duke_of_luxembourg,<gender>female,<place_of_death>wiesbaden,<parents>grand_duke_michael_pavlovich_of_russia,	<nicholasville>	730
<place_of_death>fontainebleau,<cause_of_death>smallpox,<spouse>marie_anne_de_bourbon,<location>paris,	<trostberg>	731
<place_of_death>vienna,<gender>male,	<oradea>	732
<ethnicity>jew,<profession>rabbi,	<toledo_spain>	733
<parents>charles_iii_of_naples,	<montrouge>	734
<gender>male,<nationality>united_states,<location>magdeburg,<place_of_death>utica,	<hawick>	735
<gender>male,<place_of_death>hamburg,	<leipzig>	736
<gender>male,<profession>pianist,composer,	<louisiana>	737
<location>new_york,berlin,<nationality>france,united_states,<gender>male,	<wales>	738
<gender>male,<profession>philosopher,	<valletta>	739
<place_of_death>portland,<location>salem_oregon,<institution>willamette_university,	<salem_oregon>	740
<ethnicity>norwegian_american,<profession>nude_glamour_model,comedian,singer,<gender>female,<spouse>james_dougherty,<nationality>united_states,	<los_angeles>	741
<spouse>robert_six,<profession>actor,	<astoria_oregon>	742
<location>united_states,	<newmarket_canada>	743
<institution>new_york_university,howard_university,columbia_university,<nationality>united_states,	<washington_united_states>	744
<nationality>italy,	<freising>	745
<gender>male,<place_of_death>ljubljana,	<yeovil>	746
<profession>lawyer,<location>south_carolina,<gender>male,<spouse>floride_calhoun,	<bonn>	747
<profession>mechanical_engineer,<gender>male,	<bradford>	748
<religion>islam,<gender>male,	<weymouth>	749
<nationality>united_states,	<branford>	750
<profession>politician,<place_of_death>moscow,	<macau>	751
<cause_of_death>car_accident,<location>trinidad_and_tobago,<place_of_death>trinidad_and_tobago,	<greenock>	752
<profession>writer,<nationality>pakistan,<gender>male,	<nantucket>	753
<location>narva,<gender>male,<profession>writer,	<bath_maine>	754
<gender>male,<profession>baseball_player,	<hokkaido>	755
<institution>christ_church_oxford,	<seoul>	756
<parents>dorothea_of_brandenburg,<nationality>sweden,	<aalborg>	757
<nationality>united_states,<gender>male,	<hoboken>	758
<location>united_states,<institution>johns_hopkins_university,baltimore_city_college,<nationality>united_states,	<varese>	759
<cause_of_death>firearm,<gender>male,	<killeen>	760
<gender>male,<nationality>germany,	<bautzen>	761
<institution>university_of_michigan,<nationality>united_states,	<yuma>	762
<institution>newington_college,royal_college_of_physicians,<place_of_death>darlinghurst_new_south_wales,<nationality>australia,	<mashhad>	763
<institution>united_states_naval_academy,	<newburgh>	764
<parents>maria_isabella_of_spain,<children>princess_maria_pia_of_the_two_sicilies,maria_annunciata_of_the_two_sicilies,	<queensland>	765
<gender>male,<location>yamaguchi_prefecture,<cause_of_death>tuberculosis,	<germersheim>	766
<children>joseph_clemens_of_bavaria,violante_of_bavaria,<spouse>henriette_adelaide_of_savoy,<location>munich,	<lebanon>	767
<institution>united_states_naval_academy,<gender>male,<profession>politician,<location>alabama,	<greensboro_alabama>	768
<children>sirabhorn_sobhon,kitiyakara_voralaksana,yugala_dighambara,paripatra,chudadhut_dharadilok,<spouse>saovabha,<parents>debsirindra,	<bangkok>	769
<profession>inventor,<location>hanover,<ethnicity>germans,	<dorset>	770
<institution>union_college,<location>st_louis_missouri,pittsfield,	<concord_north_carolina>	771
<profession>aviator,<nationality>soviet_union,	<greenwich_new_york>	772
<profession>architect,<place_of_death>berlin,	<helsinki>	773
<children>frederick_ii_of_prussia,louisa_ulrika_of_prussia,<place_of_death>berlin,<parents>frederick_i_of_prussia,	<saint_paul>	774
<profession>actor,	<penza>	775
<location>alexandria_virginia,<place_of_death>fauquier_county,	<bridlington>	776
<gender>female,<place_of_death>paris,<children>charles_vi_of_france,	<vincennes>	777
<institution>friedrich_schiller_university_of_jena,<nationality>germany,<location>gotha,	<gotha>	778
<nationality>united_states,<institution>university_of_utah,	<annonay>	779
<place_of_death>south_pasadena,	<brooklyn>	780
<profession>actor,<nationality>united_states,<gender>male,	<la_fayette>	781
<place_of_death>rome,	<huddersfield>	782
<profession>judge,<gender>male,	<soltaniyeh>	783
<ethnicity>jew,<nationality>france,<place_of_death>paris,	<portsmouth_ohio>	784
<nationality>united_states,	<baltimore>	785
<profession>groom_of_the_stool,<nationality>united_kingdom,	<lubawka>	786
<nationality>united_states,<place_of_death>london,	<valentano>	787
<place_of_death>new_york,<profession>writer,lyricist,<cause_of_death>aids,	<piedmont>	788
<gender>male,	<mirow>	789
<gender>male,<children>peter_i_of_brazil,infanta_ana_de_jesus_maria_duchess_of_loule,<parents>peter_iii_of_portugal,	<lisbon>	790
<place_of_death>victoria_canada,	<holly_springs>	791
<profession>economist,<place_of_death>nairobi,	<boston_massachusetts>	792
<profession>publisher,playwright,writer,columnist,screenwriter,<cause_of_death>tuberculosis,<location>salt_lake_city,	<pont_leveque_calvados>	793
<gender>male,	<county_wexford>	794
<place_of_death>wilkes_barre,	<nevers>	795
<institution>columbia_university,<profession>writer,<location>salt_lake_city,	<amesbury_massachusetts>	796
<gender>female,<profession>politician,	<canaan>	797
<nationality>canada,<location>victoria_canada,<place_of_death>victoria_canada,	<cumberland_county_virginia>	798
<gender>male,	<bethel_connecticut>	799
<gender>male,<profession>baseball_player,<cause_of_death>car_accident,	<a_coruna>	800
<gender>male,<nationality>italy,	<plainfield>	801
<nationality>united_kingdom,<profession>writer,	<st_clairsville>	802
<nationality>belgium,<profession>astronomer,mathematician,	<yamagata_prefecture>	803
<gender>male,<nationality>united_states,	<hells_kitchen_manhattan>	804
<location>middletown_ohio,	<middletown_ohio>	805
<location>iowa,	<iowa>	806
<place_of_death>kenton_county,	<velikiy_novgorod>	807
<place_of_death>munich,<gender>male,	<schenectady>	808
<parents>amalric_i_of_jerusalem,<spouse>humphrey_iv_of_toron,<children>maria_of_montferrat,	<nablus>	809
<profession>novelist,	<verona>	810
<ethnicity>white_american,<gender>male,	<chesterfield>	811
<gender>male,<cause_of_death>myocardial_infarction,	<woodstock_canada>	812
<gender>male,<nationality>england,	<england>	813
<nationality>united_kingdom,germany,	<soltau>	814
<gender>male,<nationality>germany,	<london_borough_of_southwark>	815
<nationality>france,<spouse>madeleine_renaud,<profession>actor,	<dudley>	816
<location>indianapolis,<gender>male,	<indianapolis>	817
<place_of_death>butyrka_prison,	<pocatello>	818
<gender>female,	<nueva_ecija>	819
<profession>philosopher,<ethnicity>scottish_people,<nationality>scotland,	<north_berwick>	820
<gender>male,<place_of_death>oakland_california,	<santa_barbara>	821
<profession>politician,<place_of_death>clark_county_kentucky,<nationality>united_states,	<colln>	822
<nationality>united_kingdom,<cause_of_death>assassination,	<novi_ligure>	823
<gender>male,<nationality>united_states,<institution>groton_school,	<guangzhou>	824
<gender>male,<nationality>united_states,	<hillingdon>	825
<place_of_death>vienna,	<portland_maine>	826
<location>braila,<profession>businessperson,<ethnicity>jew,<place_of_death>rye_new_york,	<waldo_hills>	827
<institution>university_of_southern_california,<profession>actor,<location>columbus_ohio,los_angeles,	<new_jersey>	828
<location>beaumont,	<dewsbury>	829
<nationality>united_states,<institution>university_of_tulsa,<location>oklahoma,	<cooperstown>	830
<spouse>charles_peirce,	<pulaski>	831
<religion>roman_catholic_church,<profession>politician,	<blankenburg_am_harz>	832
<profession>botanist,	<prince_edward_county>	833
<profession>actor,	<london>	834
<cause_of_death>stroke,<ethnicity>african_american,	<alton>	835
<place_of_death>killed_in_action,<location>south_carolina,	<south_carolina>	836
<gender>male,<profession>singer,<place_of_death>buckinghamshire,	<liverpool>	837
<profession>politician,lawyer,<location>san_antonio,	<sampson_county>	838
<children>haakon_vii_of_norway,prince_harald_of_denmark,<spouse>frederick_viii_of_denmark,	<blankenburg_am_harz>	839
<institution>harrow_school,	<wimbledon_london>	840
<place_of_death>rome,<religion>catholicism,	<melrose_united_kingdom>	841
<profession>novelist,<nationality>algeria,	<lansdowne_house>	842
<profession>scientist,historian,polymath,<gender>male,<nationality>india,	<messolonghi>	843
<gender>female,<parents>maria_fyodorovna_of_russia,<place_of_death>stuttgart,	<canonsburg>	844
<location>yamaguchi_prefecture,<institution>university_of_tokyo,<nationality>japan,	<middletown_ohio>	845
<nationality>england,<gender>male,	<louisville>	846
<gender>female,	<damietta>	847
<profession>baseball_player,	<uppsala>	848
<nationality>united_states,<gender>male,<profession>soldier,politician,	<blacksburg>	849
<profession>lawyer,	<brookville_indiana>	850
<gender>male,	<florence>	851
<gender>male,<nationality>russia,<parents>anastasia_of_russia,	<essex>	852
<nationality>austria,<place_of_death>vienna,	<montepulciano>	853
<parents>edward_william_godwin,	<huntsville_texas>	854
<nationality>united_states,<location>philadelphia,	<seattle>	855
<profession>geologist,<gender>male,<institution>uppsala_university,	<paddington_new_south_wales>	856
<place_of_death>hollywood,<nationality>united_states,<profession>novelist,	<wisconsin>	857
<profession>visual_artist,<religion>atheism,<location>liverpool,	<reading_pennsylvania>	858
<parents>henry_iii_jules_de_bourbon_prince_de_conde,<children>charles_de_bourbon_charolais,louise_elisabeth_de_bourbon_conde,louis_de_bourbon_conde_comte_de_clermont,	<paris>	859
<gender>male,<place_of_death>mullaitivu,	<kandy>	860
<gender>male,	<lexington>	861
<gender>male,<profession>entrepreneur,<nationality>united_states,	<lorient>	862
<place_of_death>london,	<germiston_gauteng>	863
<profession>lawyer,	<bordeaux>	864
<location>terre_haute,<place_of_death>hollywood,<nationality>germany,<gender>male,	<gyor>	865
<institution>louisiana_state_university,<place_of_death>bethesda,	<liberec>	866
<institution>yale_university,<place_of_death>princeton,<profession>astronomer,	<wieliczka>	867
<location>edinburgh,	<scranton>	868
<gender>male,<location>paris,	<perth_scotland>	869
<profession>scientist,<religion>atheism,<nationality>england,	<london>	870
<nationality>germany,united_states,<gender>male,	<kranj>	871
<institution>university_of_iasi,<location>dolj_county,	<leominster_massachusetts>	872
<religion>hinduism,	<wavre>	873
<profession>photographer,<place_of_death>staten_island,	<staten_island>	874
<gender>male,	<gustrow>	875
<gender>male,	<new_brunswick>	876
<location>dusseldorf,<gender>male,	<grave_netherlands>	877
<institution>oberlin_college,university_of_toronto,<nationality>canada,	<jicin>	878
<place_of_death>bologna,<location>bologna,	<bologna>	879
<cause_of_death>infectious_disease,	<glastonbury>	880
<profession>musician,organist,<place_of_death>stockholm,<gender>male,	<greencastle_pennsylvania>	881
<profession>actor,<nationality>japan,<gender>female,	<michigan>	882
<gender>male,<nationality>austria,	<sheffield>	883
<religion>catholicism,<location>florence,<place_of_death>florence,<gender>male,	<forst>	884
<gender>male,<profession>novelist,	<mito>	885
<institution>phillips_exeter_academy,	<celle>	886
<gender>male,	<clonakilty>	887
<place_of_death>new_castle_pennsylvania,<location>pennsylvania,beaver_falls,<gender>male,	<guangzhou>	888
<gender>male,<place_of_death>antigua,<nationality>united_states,	<plainfield>	889
<gender>male,	<blackrock>	890
<nationality>bulgaria,<ethnicity>bulgarians,	<le_mans>	891
<place_of_death>spain,<gender>male,	<mosman_new_south_wales>	892
<profession>playwright,	<vyborg>	893
<profession>conducting,teacher,<place_of_death>belgrade,<nationality>germany,	<helsinki>	894
<profession>politician,lawyer,<gender>male,<place_of_death>charleston,	<messina>	895
<profession>musician,singer,<gender>male,<nationality>united_states,	<mathews>	896
<gender>male,<nationality>germany,	<madhya_pradesh>	897
<gender>female,<nationality>england,	<mendoza>	898
<religion>lutheranism,	<haddington>	899
<gender>male,<location>madrid,	<izmir>	900
<profession>singer,<place_of_death>ontario,	<new_orleans>	901
<place_of_death>dinwiddie_county,	<ganja>	902
<place_of_death>boston_massachusetts,<gender>male,	<staten_island>	903
<nationality>italy,	<venice>	904
<place_of_death>vienna,<children>maria_antonia_of_austria,<gender>female,	<indian_territory>	905
<gender>male,<parents>ferdinand_i_of_leon,	<trento>	906
<nationality>france,<cause_of_death>suicide,	<allegheny>	907
<religion>episcopal_church_in_the_united_states_of_america,<location>connecticut,	<middletown>	908
<profession>drag_queen,<nationality>united_states,<gender>male,	<kanagawa_prefecture>	909
<gender>male,<location>buenos_aires,	<penza>	910
<location>western_australia,<place_of_death>western_australia,	<northam>	911
<place_of_death>west_los_angeles,<nationality>united_states,	<canada>	912
<nationality>united_states,<profession>writer,translator,<religion>christian,	<moravia_czech_republic>	913
<place_of_death>louisville,<nationality>united_states,	<biella>	914
<gender>male,<cause_of_death>hepatitis,<profession>politician,<location>appleton,	<richmond_upon_thames>	915
<profession>comedian,	<sidmouth>	916
<gender>male,	<forest_hill_london>	917
<gender>male,<location>newark,	<leytonstone>	918
<location>united_states,portland,<profession>scientist,<institution>california_institute_of_technology,<nationality>united_states,<spouse>ava_helen_pauling,	<new_south_wales>	919
<profession>animator,	<geneva>	920
<gender>male,<location>montreal,<profession>composer,	<curitiba>	921
<cause_of_death>firearm,	<fredericton>	922
<gender>male,<location>new_york,<cause_of_death>leukemia,	<belluno>	923
<spouse>leo_iv_the_khazar,	<athens>	924
<place_of_death>budapest,	<buda>	925
<gender>male,	<eugene_oregon>	926
<religion>christianity,<location>philadelphia,<nationality>united_states,	<iquique>	927
<institution>united_states_military_academy,<nationality>united_states,<place_of_death>walter_reed_army_medical_center,	<roxburgh>	928
<place_of_death>woodland_hills,	<san_cristobal>	929
<gender>male,	<ogden>	930
<place_of_death>regensburg,	<tikrit>	931
<religion>catholicism,<gender>male,	<poway>	932
<gender>female,<nationality>united_states,	<cornwall_on_hudson>	933
<profession>engineer,<nationality>united_kingdom,	<wilkes_barre>	934
<gender>male,<place_of_death>saint_petersburg,	<saint_petersburg>	935
<nationality>austria,united_states,<gender>male,	<trieste>	936
<gender>male,	<limoges>	937
<place_of_death>paris,<location>the_hague,	<the_hague>	938
<location>florence,<profession>artist,painter,<nationality>italy,	<sevres>	939
<location>youngstown,<gender>male,	<lincolnton>	940
<gender>male,<cause_of_death>death_by_natural_causes,<profession>organist,<location>paris,	<dnipropetrovsk>	941
<nationality>germany,<profession>architect,	<hanover>	942
<gender>male,<parents>granville_elliott,<children>edward_john_eliot,<place_of_death>london,	<kew>	943
<profession>scientist,psychologist,	<frankfurt>	944
<profession>lawyer,	<lausanne>	945
<gender>male,<location>dublin,<profession>novelist,	<vincennes>	946
<location>new_york,vermont,	<mechelen>	947
<nationality>united_states,<gender>male,	<guangzhou>	948
<gender>male,	<olomouc>	949
<nationality>united_states,<cause_of_death>emphysema,	<richmond_upon_thames>	950
<institution>charterhouse_school,<profession>barrister,	<jim_thorpe_pennsylvania>	951
<place_of_death>detroit_michigan,	<greencastle_pennsylvania>	952
<nationality>japan,	<rockland>	953
<gender>male,<nationality>japan,	<portsmouth_ohio>	954
<profession>pianist,<location>campania,<gender>male,	<posillipo>	955
<gender>male,	<stara_zagora>	956
<nationality>united_kingdom,	<grosvenor_square>	957
<gender>female,	<paris>	958
<location>pennsylvania,	<exeter>	959
<cause_of_death>myocardial_infarction,<profession>social_activist,	<hackensack>	960
<institution>ecole_polytechnique,<nationality>france,<profession>science_writer,	<jacksonville_oregon>	961
<profession>inventor,	<robertson_county_tennessee>	962
<nationality>germany,<place_of_death>coburg,<parents>franz_josias_duke_of_saxe_coburg_saalfeld,<gender>male,	<guernsey>	963
<nationality>united_states,	<morristown>	964
<place_of_death>san_antonio,<location>ohio,<gender>male,	<thompson_connecticut>	965
<nationality>united_kingdom,	<gillingham>	966
<profession>novelist,	<mulheim>	967
<profession>actor,<nationality>united_states,	<darlington>	968
<parents>leonard_digges,<nationality>kingdom_of_england,<place_of_death>london,<profession>mathematician,	<milwaukee>	969
<gender>male,<profession>engineer,	<pretoria>	970
<place_of_death>hanover,<gender>male,	<malbork>	971
<cause_of_death>myocardial_infarction,	<hounslow>	972
<place_of_death>paris,<gender>male,<ethnicity>thai_chinese,	<lubawka>	973
<location>qazvin,<profession>scientist,<religion>islam,	<qazvin>	974
<nationality>france,<gender>female,	<perigueux>	975
<place_of_death>lublin,<ethnicity>poles,<location>suceava,	<new_brunswick_new_jersey>	976
<gender>male,<nationality>netherlands,	<the_hague>	977
<spouse>henry_v_holy_roman_emperor,<gender>female,<nationality>england,<location>sutton_courtenay,<children>henry_ii_of_england,	<winchester>	978
<profession>architect,	<newton_massachusetts>	979
<profession>writer,architect,philosopher,<place_of_death>nuremberg,<institution>moscow_state_technical_university,	<trowbridge>	980
<gender>male,	<henry_virginia>	981
<institution>university_of_nebraska_at_omaha,<profession>politician,<place_of_death>lincoln,	<muskogee>	982
<cause_of_death>lung_cancer,<gender>male,<location>st_louis_missouri,<religion>catholicism,	<st_louis_missouri>	983
<children>james_keteltas_hackett,<profession>actor,	<new_york>	984
<profession>diplomat,writer,	<ethiopia>	985
<place_of_death>vienna,<nationality>austria-hungary,	<ehime_prefecture>	986
<gender>male,<place_of_death>los_angeles,	<kohat>	987
<gender>male,<profession>businessperson,	<maywood>	988
<gender>male,<location>orlando,<cause_of_death>brain_tumor,<profession>songwriter,	<long_island>	989
<place_of_death>modena,	<modena>	990
<institution>greshams_school,<location>suffolk,	<lowestoft>	991
<gender>male,	<okayama>	992
<parents>maria_of_brabant,<children>eleanor_of_castile,edmund_of_woodstock_1st_earl_of_kent,	<paris>	993
<institution>balliol_college_oxford,	<acre_israel>	994
<cause_of_death>lung_cancer,<gender>male,<place_of_death>new_york,<nationality>united_kingdom,<profession>journalist,	<aquitaine>	995
<profession>actor,<location>virginia,<gender>male,	<katowice>	996
<profession>nobleman,	<paramaribo>	997
<gender>male,	<moscow>	998
<nationality>united_states,<profession>lawyer,	<mecklenburg-schwerin>	999
